{
  "name" : "CONVERSION",
  "type" : "COMPOSITEBAG",
  "namedEntityRuleParams" : [ ],
  "multiValue" : false,
  "fuzzyMatch" : false,
  "promptForDisambiguation" : true,
  "botPrompts" : [ {
    "text" : "Please enter Entity3",
    "sequenceNr" : null
  } ],
  "validationRules" : [ ],
  "compositeBagItems" : [ {
    "sequenceNr" : 1,
    "name" : "BaseCurrency",
    "type" : "ENTITY",
    "entityName" : "CURRENCIES",
    "entityUsage" : {
      "name" : "CURRENCIES",
      "description" : null,
      "patternExpression" : null,
      "type" : "ENUMVALUES",
      "enumValues" : [ {
        "canonicalName" : "CAD",
        "synonyms" : [ "Canadian dollar" ]
      }, {
        "canonicalName" : "CHF",
        "synonyms" : [ "Swiss franc" ]
      }, {
        "canonicalName" : "CNY",
        "synonyms" : [ "Renminbi" ]
      }, {
        "canonicalName" : "EUR",
        "synonyms" : [ "Euro" ]
      }, {
        "canonicalName" : "GBP",
        "synonyms" : [ "British Pound", "Pound Sterling", "UK Pound" ]
      }, {
        "canonicalName" : "INR",
        "synonyms" : [ "Indian rupee" ]
      }, {
        "canonicalName" : "RUB",
        "synonyms" : [ "Russian ruble" ]
      }, {
        "canonicalName" : "SEK",
        "synonyms" : [ "Swedish krona" ]
      }, {
        "canonicalName" : "USD",
        "synonyms" : [ "US Dollar", "Dollar" ]
      } ],
      "prompts" : null,
      "parentEntity" : null,
      "nextUpdateAt" : null,
      "multiValue" : false,
      "fuzzyMatch" : false,
      "promptForDisambiguation" : false,
      "disambiguationPrompt" : null,
      "enumRangeSize" : null,
      "errorMessage" : null,
      "namedEntityRuleParams" : [ ],
      "botPrompts" : [ {
        "text" : "Please enter Entity2"
      } ],
      "validationRules" : [ ]
    },
    "enumRangeSize" : "3",
    "multiValue" : false,
    "fuzzyMatch" : false,
    "outOfOrderExtraction" : false,
    "promptForDisambiguation" : false,
    "prompts" : [ {
      "text" : "Please select a base currency",
      "sequenceNr" : null
    } ]
  }, {
    "sequenceNr" : 2,
    "name" : "Amount",
    "type" : "ENTITY",
    "entityName" : "NUMBER",
    "entityUsage" : {
      "name" : "NUMBER",
      "description" : null,
      "patternExpression" : null,
      "type" : "SYSTEM",
      "enumValues" : null,
      "prompts" : null,
      "parentEntity" : null,
      "nextUpdateAt" : null,
      "multiValue" : false,
      "fuzzyMatch" : false,
      "promptForDisambiguation" : true,
      "disambiguationPrompt" : null,
      "enumRangeSize" : null,
      "errorMessage" : null,
      "namedEntityRuleParams" : [ ],
      "botPrompts" : [ ],
      "validationRules" : [ ]
    },
    "multiValue" : false,
    "fuzzyMatch" : false,
    "outOfOrderExtraction" : false,
    "promptForDisambiguation" : false,
    "prompts" : [ {
      "text" : "Please provide an amount (without currency symbol)",
      "sequenceNr" : 1
    } ]
  }, {
    "sequenceNr" : 3,
    "name" : "TargetCurrencies",
    "type" : "ENTITY",
    "entityName" : "CURRENCIES",
    "entityUsage" : {
      "name" : "CURRENCIES",
      "description" : null,
      "patternExpression" : null,
      "type" : "ENUMVALUES",
      "enumValues" : [ {
        "canonicalName" : "CAD",
        "synonyms" : [ "Canadian dollar" ]
      }, {
        "canonicalName" : "CHF",
        "synonyms" : [ "Swiss franc" ]
      }, {
        "canonicalName" : "CNY",
        "synonyms" : [ "Renminbi" ]
      }, {
        "canonicalName" : "EUR",
        "synonyms" : [ "Euro" ]
      }, {
        "canonicalName" : "GBP",
        "synonyms" : [ "British Pound", "Pound Sterling", "UK Pound" ]
      }, {
        "canonicalName" : "INR",
        "synonyms" : [ "Indian rupee" ]
      }, {
        "canonicalName" : "RUB",
        "synonyms" : [ "Russian ruble" ]
      }, {
        "canonicalName" : "SEK",
        "synonyms" : [ "Swedish krona" ]
      }, {
        "canonicalName" : "USD",
        "synonyms" : [ "US Dollar", "Dollar" ]
      } ],
      "prompts" : null,
      "parentEntity" : null,
      "nextUpdateAt" : null,
      "multiValue" : false,
      "fuzzyMatch" : false,
      "promptForDisambiguation" : false,
      "disambiguationPrompt" : null,
      "enumRangeSize" : null,
      "errorMessage" : null,
      "namedEntityRuleParams" : [ ],
      "botPrompts" : [ {
        "text" : "Please enter Entity2"
      } ],
      "validationRules" : [ ]
    },
    "multiValue" : true,
    "fuzzyMatch" : false,
    "outOfOrderExtraction" : false,
    "promptForDisambiguation" : false,
    "prompts" : [ {
      "text" : "Please select one or more target currencies for which you want the amount to be converted (Note: you select multiple values in that you set a blank character between the values)",
      "sequenceNr" : null
    } ]
  } ]
}