{
  "name" : "CURRENCIES",
  "type" : "ENUMVALUES",
  "enumValues" : [ {
    "canonicalName" : "CAD",
    "synonyms" : [ "Canadian dollar" ]
  }, {
    "canonicalName" : "CHF",
    "synonyms" : [ "Swiss franc" ]
  }, {
    "canonicalName" : "CNY",
    "synonyms" : [ "Renminbi" ]
  }, {
    "canonicalName" : "EUR",
    "synonyms" : [ "Euro" ]
  }, {
    "canonicalName" : "GBP",
    "synonyms" : [ "British Pound", "Pound Sterling", "UK Pound" ]
  }, {
    "canonicalName" : "INR",
    "synonyms" : [ "Indian rupee" ]
  }, {
    "canonicalName" : "RUB",
    "synonyms" : [ "Russian ruble" ]
  }, {
    "canonicalName" : "SEK",
    "synonyms" : [ "Swedish krona" ]
  }, {
    "canonicalName" : "USD",
    "synonyms" : [ "US Dollar", "Dollar" ]
  } ],
  "namedEntityRuleParams" : [ ],
  "multiValue" : false,
  "fuzzyMatch" : false,
  "promptForDisambiguation" : false,
  "botPrompts" : [ {
    "text" : "Please enter Entity2",
    "sequenceNr" : null
  } ],
  "validationRules" : [ ],
  "compositeBagItems" : [ ]
}