{
  "name" : "OrderPizza",
  "type" : "NLPIntent",
  "intentParameters" : [ ],
  "exampleData" : [ {
    "sentence" : "I want a pizza for home delivery please",
    "exampleEntities" : [ ]
  }, {
    "sentence" : "I want to order a pizza for this evening please",
    "exampleEntities" : [ ]
  }, {
    "sentence" : "Can you send me some pizza please",
    "exampleEntities" : [ ]
  }, {
    "sentence" : "I'd like to order a pizza for home delivery",
    "exampleEntities" : [ ]
  }, {
    "sentence" : "I would like to order a pizza",
    "exampleEntities" : [ ]
  }, {
    "sentence" : "Can I get a large pepperoni pizza please",
    "exampleEntities" : [ ]
  }, {
    "sentence" : "Can I order pizza please",
    "exampleEntities" : [ ]
  }, {
    "sentence" : "I want to order some pizza please",
    "exampleEntities" : [ ]
  }, {
    "sentence" : "I want pizza",
    "exampleEntities" : [ ]
  }, {
    "sentence" : "Please can I order a pizza",
    "exampleEntities" : [ ]
  } ]
}