{
  "name" : "PizzaBag",
  "type" : "COMPOSITEBAG",
  "enumValues" : [ {
    "canonicalName" : "PizzaDough",
    "synonyms" : null
  } ],
  "namedEntityRuleParams" : [ ],
  "multiValue" : false,
  "fuzzyMatch" : false,
  "promptForDisambiguation" : true,
  "botPrompts" : [ {
    "text" : "Please enter Entity1",
    "sequenceNr" : null
  } ],
  "validationRules" : [ ],
  "compositeBagItems" : [ {
    "sequenceNr" : 1,
    "name" : "PizzaSize",
    "type" : "ENTITY",
    "entityName" : "PizzaSize",
    "entityUsage" : {
      "name" : "PizzaSize",
      "description" : null,
      "patternExpression" : null,
      "type" : "ENUMVALUES",
      "enumValues" : [ {
        "canonicalName" : "Small",
        "synonyms" : [ "personal", "smallest" ]
      }, {
        "canonicalName" : "Medium",
        "synonyms" : [ "middle" ]
      }, {
        "canonicalName" : "Large",
        "synonyms" : [ "big", "grande", "biggest" ]
      } ],
      "prompts" : null,
      "parentEntity" : null,
      "nextUpdateAt" : null,
      "multiValue" : false,
      "fuzzyMatch" : false,
      "promptForDisambiguation" : true,
      "disambiguationPrompt" : null,
      "enumRangeSize" : null,
      "errorMessage" : null,
      "namedEntityRuleParams" : [ ],
      "botPrompts" : [ ],
      "validationRules" : [ ]
    },
    "description" : "size of the pizza",
    "enumRangeSize" : "${system.config.DefaultRangeSize}",
    "maxPrompts" : 4,
    "errorMessage" : "Sorry, '${system.entityToResolve.value.userInput!'this'}' is not a valid size of pizza. ",
    "multiValue" : false,
    "fuzzyMatch" : true,
    "outOfOrderExtraction" : true,
    "promptForDisambiguation" : true,
    "disambiguationPrompt" : "Sorry you can only select one pizza size",
    "prompts" : [ {
      "text" : "What size of pizza would you like",
      "sequenceNr" : 1
    }, {
      "text" : "Please choose small, medium or large pizza.",
      "sequenceNr" : 2
    } ]
  }, {
    "sequenceNr" : 2,
    "name" : "PizzaType",
    "type" : "ENTITY",
    "entityName" : "PizzaTopping",
    "entityUsage" : {
      "name" : "PizzaTopping",
      "description" : null,
      "patternExpression" : null,
      "type" : "ENUMVALUES",
      "enumValues" : [ {
        "canonicalName" : "Cheese",
        "synonyms" : null
      }, {
        "canonicalName" : "Veggie",
        "synonyms" : null
      }, {
        "canonicalName" : "Pepperoni",
        "synonyms" : null
      }, {
        "canonicalName" : "Meat",
        "synonyms" : null
      }, {
        "canonicalName" : "Supreme",
        "synonyms" : null
      }, {
        "canonicalName" : "Hawaiian",
        "synonyms" : null
      }, {
        "canonicalName" : "Bacon",
        "synonyms" : null
      } ],
      "prompts" : null,
      "parentEntity" : null,
      "nextUpdateAt" : null,
      "multiValue" : false,
      "fuzzyMatch" : false,
      "promptForDisambiguation" : true,
      "disambiguationPrompt" : null,
      "enumRangeSize" : null,
      "errorMessage" : null,
      "namedEntityRuleParams" : [ ],
      "botPrompts" : [ ],
      "validationRules" : [ ]
    },
    "enumRangeSize" : "${system.config.DefaultRangeSize}",
    "maxPrompts" : 3,
    "errorMessage" : "Sorry that is not a topping we have",
    "multiValue" : false,
    "fuzzyMatch" : false,
    "outOfOrderExtraction" : true,
    "extractWith" : "PizzaSize",
    "promptForDisambiguation" : true,
    "disambiguationPrompt" : "Sorry you can only order one topping type",
    "prompts" : [ {
      "text" : "What kind of pizza would you like",
      "sequenceNr" : 1
    }, {
      "text" : "Which one of our pizzas would you like to try?",
      "sequenceNr" : 2
    } ]
  }, {
    "sequenceNr" : 3,
    "name" : "DeliveryAddress",
    "type" : "ENTITY",
    "entityName" : "ADDRESS",
    "entityUsage" : {
      "name" : "ADDRESS",
      "description" : null,
      "patternExpression" : null,
      "type" : "SYSTEM",
      "enumValues" : null,
      "prompts" : null,
      "parentEntity" : null,
      "nextUpdateAt" : null,
      "multiValue" : false,
      "fuzzyMatch" : false,
      "promptForDisambiguation" : true,
      "disambiguationPrompt" : null,
      "enumRangeSize" : null,
      "errorMessage" : null,
      "namedEntityRuleParams" : [ ],
      "botPrompts" : [ ],
      "validationRules" : [ ]
    },
    "maxPrompts" : 3,
    "multiValue" : false,
    "fuzzyMatch" : false,
    "outOfOrderExtraction" : false,
    "promptForDisambiguation" : false
  }, {
    "sequenceNr" : 4,
    "name" : "DeliveryTime",
    "type" : "ENTITY",
    "entityName" : "TIME",
    "entityUsage" : {
      "name" : "TIME",
      "description" : null,
      "patternExpression" : null,
      "type" : "SYSTEM",
      "enumValues" : null,
      "prompts" : null,
      "parentEntity" : null,
      "nextUpdateAt" : null,
      "multiValue" : false,
      "fuzzyMatch" : false,
      "promptForDisambiguation" : true,
      "disambiguationPrompt" : null,
      "enumRangeSize" : null,
      "errorMessage" : null,
      "namedEntityRuleParams" : [ ],
      "botPrompts" : [ ],
      "validationRules" : [ ]
    },
    "maxPrompts" : 4,
    "multiValue" : false,
    "fuzzyMatch" : false,
    "outOfOrderExtraction" : true,
    "extractWith" : "PizzaSize",
    "promptForDisambiguation" : true,
    "validationRules" : [ {
      "expression" : "${(.now?date?number < pizza.value.DeliveryTime.date?number)?then('true','false')}",
      "errorMessage" : "OK we are quick but we don't have a time machine!"
    }, {
      "expression" : "${(pizza.value.DeliveryTime.hrs?number < 10)?then('true','false')}",
      "errorMessage" : "Sorry we only delivery up to 9:30pm"
    } ]
  }, {
    "sequenceNr" : 5,
    "name" : "PizzaDough",
    "type" : "ENTITY",
    "entityName" : "PizzaDough",
    "entityUsage" : {
      "name" : "PizzaDough",
      "description" : null,
      "patternExpression" : null,
      "type" : "ENUMVALUES",
      "enumValues" : [ {
        "canonicalName" : "gluten free",
        "synonyms" : [ "gluten-free" ]
      }, {
        "canonicalName" : "regular",
        "synonyms" : null
      } ],
      "prompts" : null,
      "parentEntity" : null,
      "nextUpdateAt" : null,
      "multiValue" : false,
      "fuzzyMatch" : false,
      "promptForDisambiguation" : true,
      "disambiguationPrompt" : null,
      "enumRangeSize" : null,
      "errorMessage" : null,
      "namedEntityRuleParams" : [ ],
      "botPrompts" : [ ],
      "validationRules" : [ ]
    },
    "maxPrompts" : 3,
    "multiValue" : false,
    "fuzzyMatch" : false,
    "outOfOrderExtraction" : false,
    "extractWith" : "PizzaSize",
    "promptForDisambiguation" : true,
    "promptForValue" : "false"
  } ]
}