{
  "name" : "PizzaSize",
  "type" : "ENUMVALUES",
  "enumValues" : [ {
    "canonicalName" : "Small",
    "synonyms" : [ "personal", "smallest" ]
  }, {
    "canonicalName" : "Medium",
    "synonyms" : [ "middle" ]
  }, {
    "canonicalName" : "Large",
    "synonyms" : [ "big", "grande", "biggest" ]
  } ],
  "namedEntityRuleParams" : [ ],
  "multiValue" : false,
  "fuzzyMatch" : false,
  "promptForDisambiguation" : true,
  "botPrompts" : [ ],
  "validationRules" : [ ],
  "compositeBagItems" : [ ]
}