{
  "name" : "PizzaTopping",
  "type" : "ENUMVALUES",
  "enumValues" : [ {
    "canonicalName" : "Cheese",
    "synonyms" : null
  }, {
    "canonicalName" : "Veggie",
    "synonyms" : null
  }, {
    "canonicalName" : "Pepperoni",
    "synonyms" : null
  }, {
    "canonicalName" : "Meat",
    "synonyms" : null
  }, {
    "canonicalName" : "Supreme",
    "synonyms" : null
  }, {
    "canonicalName" : "Hawaiian",
    "synonyms" : null
  }, {
    "canonicalName" : "Bacon",
    "synonyms" : null
  } ],
  "namedEntityRuleParams" : [ ],
  "multiValue" : false,
  "fuzzyMatch" : false,
  "promptForDisambiguation" : true,
  "botPrompts" : [ ],
  "validationRules" : [ ],
  "compositeBagItems" : [ ]
}