{
  "name" : "TransactionType",
  "type" : "ENUMVALUES",
  "enumValues" : [ {
    "canonicalName" : "deposits",
    "synonyms" : null
  }, {
    "canonicalName" : "withdrawals",
    "synonyms" : null
  }, {
    "canonicalName" : "payments",
    "synonyms" : null
  }, {
    "canonicalName" : "checks",
    "synonyms" : null
  }, {
    "canonicalName" : "debits",
    "synonyms" : [ "purchases" ]
  }, {
    "canonicalName" : "credits",
    "synonyms" : null
  } ],
  "namedEntityRuleParams" : [ ],
  "multiValue" : false,
  "fuzzyMatch" : false,
  "promptForDisambiguation" : true,
  "botPrompts" : [ ],
  "validationRules" : [ ],
  "compositeBagItems" : [ ]
}