{
  "name" : "ApptSetup",
  "type" : "NLPIntent",
  "intentParameters" : [ ],
  "exampleData" : [ {
    "sentence" : "schedule an appointment ",
    "exampleEntities" : [ ]
  }, {
    "sentence" : "What time I can come",
    "exampleEntities" : [ ]
  }, {
    "sentence" : "DO you offer personal shopping ",
    "exampleEntities" : [ ]
  }, {
    "sentence" : "I need personal coaching ",
    "exampleEntities" : [ ]
  }, {
    "sentence" : "Can I setup an appoitment ",
    "exampleEntities" : [ ]
  }, {
    "sentence" : "I want to add an appointment ",
    "exampleEntities" : [ ]
  }, {
    "sentence" : "Do you offer personal shooping ",
    "exampleEntities" : [ ]
  }, {
    "sentence" : "Can I book a time for Vision + Goals coaching",
    "exampleEntities" : [ ]
  }, {
    "sentence" : "What time you have available",
    "exampleEntities" : [ ]
  }, {
    "sentence" : "appointment please",
    "exampleEntities" : [ ]
  }, {
    "sentence" : "I need some help ",
    "exampleEntities" : [ ]
  }, {
    "sentence" : "I need an appoitment",
    "exampleEntities" : [ ]
  }, {
    "sentence" : "Can I book an appoitment ",
    "exampleEntities" : [ ]
  }, {
    "sentence" : "i would like to make an appointment",
    "exampleEntities" : [ ]
  }, {
    "sentence" : "Personal shopper ",
    "exampleEntities" : [ ]
  }, {
    "sentence" : "Can I book a time to have a personal shopper",
    "exampleEntities" : [ ]
  }, {
    "sentence" : "I need help with shopping",
    "exampleEntities" : [ ]
  } ]
}