{
  "name" : "GiftCardBalance",
  "type" : "NLPIntent",
  "intentParameters" : [ ],
  "exampleData" : [ {
    "sentence" : "what's my balance",
    "exampleEntities" : [ ]
  }, {
    "sentence" : "take my gift card",
    "exampleEntities" : [ ]
  }, {
    "sentence" : "my gift card",
    "exampleEntities" : [ ]
  }, {
    "sentence" : "test my gift card",
    "exampleEntities" : [ ]
  }, {
    "sentence" : "Can I use a gift card?",
    "exampleEntities" : [ ]
  }, {
    "sentence" : "I have a giftcard",
    "exampleEntities" : [ ]
  }, {
    "sentence" : "Are you accepting gift cards?",
    "exampleEntities" : [ ]
  }, {
    "sentence" : "card balance",
    "exampleEntities" : [ ]
  }, {
    "sentence" : "I have a a gift card ",
    "exampleEntities" : [ ]
  }, {
    "sentence" : "my balance",
    "exampleEntities" : [ ]
  }, {
    "sentence" : "balance on my gift card",
    "exampleEntities" : [ ]
  }, {
    "sentence" : "process my gift card",
    "exampleEntities" : [ ]
  }, {
    "sentence" : "Can I pay with a gift card?",
    "exampleEntities" : [ ]
  }, {
    "sentence" : "pay with gift ",
    "exampleEntities" : [ ]
  }, {
    "sentence" : "Can I check my gift card balance?",
    "exampleEntities" : [ ]
  }, {
    "sentence" : "pay with giftcard ",
    "exampleEntities" : [ ]
  }, {
    "sentence" : "check my gift card",
    "exampleEntities" : [ ]
  }, {
    "sentence" : "What is my gift card?",
    "exampleEntities" : [ ]
  }, {
    "sentence" : "check my giftcard ",
    "exampleEntities" : [ ]
  }, {
    "sentence" : "gift balance",
    "exampleEntities" : [ ]
  }, {
    "sentence" : "What is my gift balance?",
    "exampleEntities" : [ ]
  }, {
    "sentence" : "Can I use my gift card?",
    "exampleEntities" : [ ]
  }, {
    "sentence" : "What is the balance on my gift card?",
    "exampleEntities" : [ ]
  } ]
}