{
  "name" : "Greeting",
  "type" : "NLPIntent",
  "intentParameters" : [ ],
  "exampleData" : [ {
    "sentence" : "HI",
    "exampleEntities" : [ ]
  }, {
    "sentence" : "Hello Lululemon",
    "exampleEntities" : [ ]
  }, {
    "sentence" : "hey",
    "exampleEntities" : [ ]
  }, {
    "sentence" : "Hi",
    "exampleEntities" : [ ]
  }, {
    "sentence" : "good day",
    "exampleEntities" : [ ]
  }, {
    "sentence" : "hello there",
    "exampleEntities" : [ ]
  }, {
    "sentence" : "Good even",
    "exampleEntities" : [ ]
  }, {
    "sentence" : "hey there",
    "exampleEntities" : [ ]
  }, {
    "sentence" : "good afternoon",
    "exampleEntities" : [ ]
  }, {
    "sentence" : "howdy there",
    "exampleEntities" : [ ]
  }, {
    "sentence" : "Good Evening",
    "exampleEntities" : [ ]
  }, {
    "sentence" : "Good morning",
    "exampleEntities" : [ ]
  }, {
    "sentence" : "Hey",
    "exampleEntities" : [ ]
  }, {
    "sentence" : "Hi Lululemon",
    "exampleEntities" : [ ]
  }, {
    "sentence" : "How are you?",
    "exampleEntities" : [ ]
  }, {
    "sentence" : "hi",
    "exampleEntities" : [ ]
  }, {
    "sentence" : "hi there",
    "exampleEntities" : [ ]
  } ]
}