{
  "name" : "FAQ",
  "type" : "NLPIntent",
  "intentParameters" : [ ],
  "exampleData" : [ {
    "sentence" : "i have a question",
    "exampleEntities" : [ ]
  }, {
    "sentence" : "Where can I park?",
    "exampleEntities" : [ ]
  }, {
    "sentence" : "Who do I contact if I have a question?",
    "exampleEntities" : [ ]
  }, {
    "sentence" : "How do I get my results?",
    "exampleEntities" : [ ]
  }, {
    "sentence" : "Is there a fee?",
    "exampleEntities" : [ ]
  }, {
    "sentence" : "Can I get a refund or transfer?",
    "exampleEntities" : [ ]
  }, {
    "sentence" : "Is there a team or relay division?",
    "exampleEntities" : [ ]
  }, {
    "sentence" : "Can I bring a friend to the concert or yoga portion of the event?",
    "exampleEntities" : [ ]
  }, {
    "sentence" : "Is there a specific charity associated with the SeaWheeze this year?",
    "exampleEntities" : [ ]
  }, {
    "sentence" : "When does registration open for SeaWheeze 2017?",
    "exampleEntities" : [ ]
  }, {
    "sentence" : "I am coming in from out of town. What will the temperature be like that weekend?",
    "exampleEntities" : [ ]
  }, {
    "sentence" : "When is the 2017 lululemon SeaWheeze Half Marathon?",
    "exampleEntities" : [ ]
  }, {
    "sentence" : "Is there an expo?",
    "exampleEntities" : [ ]
  }, {
    "sentence" : "When and what streets will be closed?",
    "exampleEntities" : [ ]
  }, {
    "sentence" : "How many runners will there be?",
    "exampleEntities" : [ ]
  } ]
}