{
  "name" : "InventoryCheck",
  "type" : "NLPIntent",
  "intentParameters" : [ ],
  "exampleData" : [ {
    "sentence" : "do you have my size in stock",
    "exampleEntities" : [ ]
  }, {
    "sentence" : "Are the Align Pants in black size 8 available at my local store?",
    "exampleEntities" : [ ]
  }, {
    "sentence" : "Are the High Times Pants in black size 8 available at my local store?",
    "exampleEntities" : [ ]
  }, {
    "sentence" : "pant size 8 at my store",
    "exampleEntities" : [ ]
  }, {
    "sentence" : "store has my pants",
    "exampleEntities" : [ ]
  }, {
    "sentence" : "my store pants size 8",
    "exampleEntities" : [ ]
  }, {
    "sentence" : "do you have my size",
    "exampleEntities" : [ ]
  }, {
    "sentence" : "Are the Wunder Unders in black size 6 available at my local store?",
    "exampleEntities" : [ ]
  }, {
    "sentence" : "Are these pants available in my store?",
    "exampleEntities" : [ ]
  }, {
    "sentence" : "store has this shirt",
    "exampleEntities" : [ ]
  }, {
    "sentence" : "Are the Simply Bare Tights in magenta and black size 4 available at Bucktown?",
    "exampleEntities" : [ ]
  }, {
    "sentence" : "Are the Simply Bare Tights in black size 8 available at my local store?",
    "exampleEntities" : [ ]
  } ]
}