{
  "name" : "ListStores",
  "type" : "NLPIntent",
  "intentParameters" : [ ],
  "exampleData" : [ {
    "sentence" : "stores in dallas",
    "exampleEntities" : [ ]
  }, {
    "sentence" : "Where is my nearest store?",
    "exampleEntities" : [ ]
  }, {
    "sentence" : "What stores are near me?",
    "exampleEntities" : [ ]
  }, {
    "sentence" : "any stores near me?",
    "exampleEntities" : [ ]
  }, {
    "sentence" : "stores in california",
    "exampleEntities" : [ ]
  }, {
    "sentence" : "find stores near me",
    "exampleEntities" : [ ]
  }, {
    "sentence" : "are there any lululemon near me",
    "exampleEntities" : [ ]
  }, {
    "sentence" : "stores near me",
    "exampleEntities" : [ ]
  }, {
    "sentence" : "stores in United States",
    "exampleEntities" : [ ]
  }, {
    "sentence" : "Where is there a lululemon?",
    "exampleEntities" : [ ]
  }, {
    "sentence" : "stores in texas",
    "exampleEntities" : [ ]
  }, {
    "sentence" : "stores in san fransisco",
    "exampleEntities" : [ ]
  }, {
    "sentence" : "list stores",
    "exampleEntities" : [ ]
  }, {
    "sentence" : "any stores closest to me",
    "exampleEntities" : [ ]
  } ]
}