
{
    "apiName":"advt24hrsflowerscss",
    "apiVersion":"1.0",
    "apiId":"e408ec8f-4396-4721-acd8-08ea0e50b4de",
    "baseUrl":"https://D491FCFC01BF4F1C834DEC9CECA136F8.mobile.ocp.oraclecloud.com:443",
    "tokenEndpoint":"https://idcs-8aa35a06ae724eba815f48b66c3835c8.identity.oraclecloud.com/oauth2/v1/token",
    "backend":{
        "backendId":"e884cd2c-bba2-4473-971f-e8f2816a3343",
        "backendName":"advt24hrsflowers",
        "backendVersion":"1.0",
        "authorization":{
            "anonymousKey":"RDQ5MUZDRkMwMUJGNEYxQzgzNERFQzlDRUNBMTM2RjhfTW9iaWxlQW5vbnltb3VzX0FQUElEOmY5YzczMTQxLTRhNGMtNGVkZi04OGY4LTM5Zjg5NjAyMDk1Ng==",
            "clientId":"19be22f8c22e4acdbb4ec7ef3f81a298",
            "clientSecret":"cb7b573b-dd77-484f-847e-2dd7a6316480"
        }
    },
    "tools":{
        "deployment":{
            "tempDirectory":"c:\\tmp\\mcs-deploy"
        },
        "authorization":{
            "clientId":"19be22f8c22e4acdbb4ec7ef3f81a298",
            "clientSecret":"cb7b573b-dd77-484f-847e-2dd7a6316480"
        }
    },
    "container":{
        "oracleMobileApiName":"OracleMobileAPI",
        "port":4000
    },
    "tests":{
        "getComponents":{
            "method":"GET",
            "resource":"/components"
        }
    }
}