{
  "name" : "PizzaBag",
  "type" : "COMPOSITEBAG",
  "enumValues" : [ {
    "canonicalName" : "CheeseType",
    "synonyms" : null
  } ],
  "namedEntityRuleParams" : [ ],
  "multiValue" : false,
  "fuzzyMatch" : false,
  "promptForDisambiguation" : true,
  "botPrompts" : [ {
    "text" : "Please enter Entity1",
    "sequenceNr" : null
  } ],
  "validationRules" : [ ],
  "compositeBagItems" : [ {
    "sequenceNr" : 1,
    "name" : "PizzaCrust",
    "type" : "ENTITY",
    "entityName" : "PizzaCrust",
    "entityUsage" : {
      "name" : "PizzaCrust",
      "description" : null,
      "patternExpression" : null,
      "type" : "ENUMVALUES",
      "enumValues" : [ {
        "canonicalName" : "thick",
        "synonyms" : null
      }, {
        "canonicalName" : "thin",
        "synonyms" : null
      }, {
        "canonicalName" : "stuffed",
        "synonyms" : null
      }, {
        "canonicalName" : "pan",
        "synonyms" : null
      }, {
        "canonicalName" : "gluten-free",
        "synonyms" : [ "gluten free" ]
      } ],
      "prompts" : null,
      "parentEntity" : null,
      "nextUpdateAt" : null,
      "multiValue" : false,
      "fuzzyMatch" : false,
      "promptForDisambiguation" : true,
      "disambiguationPrompt" : null,
      "enumRangeSize" : null,
      "errorMessage" : null,
      "namedEntityRuleParams" : [ ],
      "botPrompts" : [ ],
      "validationRules" : [ ]
    },
    "multiValue" : false,
    "fuzzyMatch" : false,
    "outOfOrderExtraction" : true,
    "promptForDisambiguation" : true,
    "promptForValue" : "false"
  }, {
    "sequenceNr" : 2,
    "name" : "PizzaType",
    "type" : "ENTITY",
    "entityName" : "PizzaType",
    "entityUsage" : {
      "name" : "PizzaType",
      "description" : null,
      "patternExpression" : null,
      "type" : "ENUMVALUES",
      "enumValues" : [ {
        "canonicalName" : "cheese",
        "synonyms" : null
      }, {
        "canonicalName" : "Veggie Lovers",
        "synonyms" : [ "veg", "veggi", "veggie" ]
      }, {
        "canonicalName" : "pepperoni",
        "synonyms" : null
      }, {
        "canonicalName" : "Hawaiian",
        "synonyms" : null
      }, {
        "canonicalName" : "Meat Lovers",
        "synonyms" : [ "meat" ]
      }, {
        "canonicalName" : "mushroom",
        "synonyms" : null
      }, {
        "canonicalName" : "sausage",
        "synonyms" : null
      }, {
        "canonicalName" : "supreme",
        "synonyms" : null
      }, {
        "canonicalName" : "Chicken",
        "synonyms" : null
      }, {
        "canonicalName" : "Italian",
        "synonyms" : null
      }, {
        "canonicalName" : "Gourmet Veggie",
        "synonyms" : null
      } ],
      "prompts" : null,
      "parentEntity" : null,
      "nextUpdateAt" : null,
      "multiValue" : false,
      "fuzzyMatch" : false,
      "promptForDisambiguation" : true,
      "disambiguationPrompt" : null,
      "enumRangeSize" : null,
      "errorMessage" : null,
      "namedEntityRuleParams" : [ ],
      "botPrompts" : [ ],
      "validationRules" : [ ]
    },
    "multiValue" : false,
    "fuzzyMatch" : false,
    "outOfOrderExtraction" : true,
    "promptForDisambiguation" : true,
    "disambiguationPrompt" : "Sorry, you can only order one type of pizza at a time.",
    "prompts" : [ {
      "text" : "Which one of our pizzas would you like to try?",
      "sequenceNr" : 2
    }, {
      "text" : "What kind of pizza would you like?",
      "sequenceNr" : 1
    } ]
  }, {
    "sequenceNr" : 3,
    "name" : "DeliveryTime",
    "type" : "ENTITY",
    "entityName" : "TIME",
    "entityUsage" : {
      "name" : "TIME",
      "description" : null,
      "patternExpression" : null,
      "type" : "SYSTEM",
      "enumValues" : null,
      "prompts" : null,
      "parentEntity" : null,
      "nextUpdateAt" : null,
      "multiValue" : false,
      "fuzzyMatch" : false,
      "promptForDisambiguation" : true,
      "disambiguationPrompt" : null,
      "enumRangeSize" : null,
      "errorMessage" : null,
      "namedEntityRuleParams" : [ ],
      "botPrompts" : [ ],
      "validationRules" : [ ]
    },
    "maxPrompts" : 4,
    "multiValue" : false,
    "fuzzyMatch" : false,
    "outOfOrderExtraction" : true,
    "promptForDisambiguation" : true,
    "prompts" : [ {
      "text" : "When can we deliver that for you?",
      "sequenceNr" : 1
    } ],
    "validationRules" : [ {
      "expression" : "${(pizza.value.DeliveryTime.hrs?number < 10)?then('true','false')}",
      "errorMessage" : "Sorry, we only deliver up to 9:30pm"
    } ]
  } ]
}