{
  "name" : "OrderPizza",
  "type" : "NLPIntent",
  "intentParameters" : [ ],
  "exampleData" : [ {
    "sentence" : "Can i order  pizza",
    "exampleEntities" : [ ]
  }, {
    "sentence" : "I want to order a pizza",
    "exampleEntities" : [ ]
  }, {
    "sentence" : "I'd like to order a pizza please",
    "exampleEntities" : [ ]
  }, {
    "sentence" : "I want to order pizza",
    "exampleEntities" : [ ]
  }, {
    "sentence" : "I want you to deliver  a pizza",
    "exampleEntities" : [ ]
  } ]
}