{
  "name" : "COURSE_TYPE",
  "type" : "ENUMVALUES",
  "enumValues" : [ {
    "canonicalName" : "yoga",
    "synonyms" : [ "Yoga", "YOGA" ]
  }, {
    "canonicalName" : "run",
    "synonyms" : [ "Run", "RUN" ]
  }, {
    "canonicalName" : "pilates",
    "synonyms" : [ "Pilates" ]
  } ],
  "namedEntityRuleParams" : [ ],
  "multiValue" : false,
  "fuzzyMatch" : false,
  "promptForDisambiguation" : true,
  "botPrompts" : [ {
    "text" : "Please enter COURSE_TYPE",
    "sequenceNr" : null
  } ],
  "validationRules" : [ ],
  "compositeBagItems" : [ ]
}