{
  "name" : "NamedLocation",
  "type" : "ENUMVALUES",
  "enumValues" : [ {
    "canonicalName" : "home",
    "synonyms" : [ "home", "my house", "my place" ]
  }, {
    "canonicalName" : "work",
    "synonyms" : [ "work", "oracle", "Oracle office", "office", "the office" ]
  } ],
  "namedEntityRuleParams" : [ ],
  "multiValue" : false,
  "fuzzyMatch" : false,
  "promptForDisambiguation" : true,
  "botPrompts" : [ {
    "text" : "Please enter Entity1",
    "sequenceNr" : null
  } ],
  "validationRules" : [ ],
  "compositeBagItems" : [ ]
}