{
  "name" : "PizzaSize",
  "type" : "ENUMVALUES",
  "enumValues" : [ {
    "canonicalName" : "Small",
    "synonyms" : [ "personal", "smallest" ]
  }, {
    "canonicalName" : "Medium",
    "synonyms" : [ "middle" ]
  }, {
    "canonicalName" : "Large",
    "synonyms" : [ "big", "grande", "biggest" ]
  } ],
  "namedEntityRuleParams" : [ ],
  "multiValue" : false,
  "fuzzyMatch" : true,
  "promptForDisambiguation" : true,
  "disambiguationPrompt" : "Sorry you can only select one pizza size",
  "errorMessage" : "Oops I didn't understand, I need a pizza size of small, medium or large",
  "botPrompts" : [ {
    "text" : "What size of pizza would you like",
    "sequenceNr" : null
  } ],
  "validationRules" : [ ],
  "compositeBagItems" : [ ]
}