{
  "name" : "help",
  "description" : "The intent that is matched when the user is seeking information about the capabilities of the skill they are currently engaged with or the digital assistant as a whole.",
  "intentParameters" : [ ],
  "exampleData" : [ {
    "sentence" : " hi",
    "exampleEntities" : [ ]
  }, {
    "sentence" : " what can you do for me",
    "exampleEntities" : [ ]
  }, {
    "sentence" : " what can I do",
    "exampleEntities" : [ ]
  }, {
    "sentence" : "help",
    "exampleEntities" : [ ]
  }, {
    "sentence" : " HI",
    "exampleEntities" : [ ]
  }, {
    "sentence" : " manual",
    "exampleEntities" : [ ]
  }, {
    "sentence" : " help me",
    "exampleEntities" : [ ]
  }, {
    "sentence" : " Hi",
    "exampleEntities" : [ ]
  }, {
    "sentence" : " howdy",
    "exampleEntities" : [ ]
  } ]
}