{
  "name" : "unresolvedIntent",
  "description" : "An intent that matches user input that doesn't match well with the exit and help intents. It improves classification of the exit and help intents (so that particularly ambiguous utterances aren't attributed to those intents).",
  "intentParameters" : [ ],
  "exampleData" : [ {
    "sentence" : " aannv",
    "exampleEntities" : [ ]
  }, {
    "sentence" : " kluvzx",
    "exampleEntities" : [ ]
  }, {
    "sentence" : " lsww",
    "exampleEntities" : [ ]
  }, {
    "sentence" : "sdbs",
    "exampleEntities" : [ ]
  }, {
    "sentence" : " povvxz",
    "exampleEntities" : [ ]
  }, {
    "sentence" : " hkmv",
    "exampleEntities" : [ ]
  }, {
    "sentence" : " swqes",
    "exampleEntities" : [ ]
  }, {
    "sentence" : " llmm",
    "exampleEntities" : [ ]
  }, {
    "sentence" : " vvaaa",
    "exampleEntities" : [ ]
  }, {
    "sentence" : " mkjs",
    "exampleEntities" : [ ]
  } ]
}