{
  "name" : "PizzaCrust",
  "type" : "ENUMVALUES",
  "enumValues" : [ {
    "canonicalName" : "thick",
    "synonyms" : null
  }, {
    "canonicalName" : "thin",
    "synonyms" : null
  }, {
    "canonicalName" : "stuffed",
    "synonyms" : null
  }, {
    "canonicalName" : "pan",
    "synonyms" : null
  } ],
  "namedEntityRuleParams" : [ ],
  "multiValue" : false,
  "fuzzyMatch" : false,
  "promptForDisambiguation" : true,
  "botPrompts" : [ ],
  "validationRules" : [ ],
  "compositeBagItems" : [ ]
}