{
  "name" : "PizzaTopping",
  "type" : "ENUMVALUES",
  "enumValues" : [ {
    "canonicalName" : "Meaty",
    "synonyms" : null
  }, {
    "canonicalName" : "Veggie",
    "synonyms" : null
  }, {
    "canonicalName" : "Hot and Spicy",
    "synonyms" : null
  }, {
    "canonicalName" : "American Hot",
    "synonyms" : null
  } ],
  "namedEntityRuleParams" : [ ],
  "multiValue" : false,
  "fuzzyMatch" : false,
  "promptForDisambiguation" : false,
  "botPrompts" : [ {
    "text" : "Which one of our pizzas would you like to try?",
    "sequenceNr" : 2
  }, {
    "text" : "What kind of pizza would you like",
    "sequenceNr" : 1
  } ],
  "validationRules" : [ ],
  "compositeBagItems" : [ ]
}