[{
		"quote": "The man who moves a mountain begins by carrying away small stones.",
		"origin": "Confucius"
	},
	{
		"quote": "If you always do what you’ve always done, you’ll always get what you’ve always got.",
		"origin": "Henry Ford"
	},
	{
		"quote": "Most problems resolve themselves. Just do not disturb them!",
		"origin": "Unknown"
	},
	{
		"quote": "Nothing can come of nothing.",
		"origin": "William Shakespeare"
	},
	{
		"quote": "Claim is not proof.",
		"origin": "William Shakespeare"
	},
	{
		"quote": "The biggest enemy of quality is the hurry.",
		"origin": "Henry Ford"
	},
	{
		"quote": "You cannot overtake anyone if you follow in his footsteps.",
		"origin": "Francois Truffaut"
	},
	{
		"quote": "Remember that there is only one important time and it is Now.",
		"origin": "Leo Tolstoi"
	},
	{
		"quote": "The trouble with anger is that you harm yourself without benefiting others.",
		"origin": "Kurt Tucholsky"
	},
	{
		"quote": "Patience and humor are two camels that can take you through any desert.",
		"origin": "Arabic proverb"
	},
	{
		"quote": "It’s Not What We Teach; It’s What They Learn",
		"origin": "Alfie Kohn"
	},
	{
		"quote": "Writing is easy. All you have to do is cross out the wrong words.",
		"origin": "Mark Twain"
	}
]