{
  "name" : "Balances",
  "type" : "NLPIntent",
  "intentParameters" : [ {
    "name" : "accountType",
    "required" : true,
    "entity" : "AccountType"
  } ],
  "exampleData" : [ {
    "sentence" : "How much money do I have in all of my accounts?",
    "exampleEntities" : [ ]
  }, {
    "sentence" : "How much do I owe on all my credit cards?",
    "exampleEntities" : [ ]
  }, {
    "sentence" : "What’s the current value of my savings account?",
    "exampleEntities" : [ ]
  }, {
    "sentence" : "tell me my balance",
    "exampleEntities" : [ ]
  }, {
    "sentence" : "How much money do I have in checking?",
    "exampleEntities" : [ ]
  }, {
    "sentence" : "What’s the current balance on my cc?",
    "exampleEntities" : [ ]
  }, {
    "sentence" : "How much money did I save last year?",
    "exampleEntities" : [ ]
  }, {
    "sentence" : "What do I owe?",
    "exampleEntities" : [ ]
  }, {
    "sentence" : "What’s my balance?",
    "exampleEntities" : [ ]
  }, {
    "sentence" : "What’s my available credit on my Visa?",
    "exampleEntities" : [ ]
  }, {
    "sentence" : "Whats the current balance",
    "exampleEntities" : [ ]
  }, {
    "sentence" : "Do I have enough money?",
    "exampleEntities" : [ ]
  }, {
    "sentence" : "How much do I have available?",
    "exampleEntities" : [ ]
  } ]
}