{
  "name" : "Track Spending",
  "type" : "NLPIntent",
  "intentParameters" : [ {
    "name" : "date",
    "required" : true,
    "entity" : "DATE"
  }, {
    "name" : "spendingCategory",
    "required" : true,
    "entity" : "TrackSpendingCategory"
  }, {
    "name" : "duration",
    "required" : true,
    "entity" : "DURATION"
  } ],
  "exampleData" : [ {
    "sentence" : "How much did I spend eating out last week?",
    "exampleEntities" : [ ]
  }, {
    "sentence" : "How much did I spend on June 2nd?",
    "exampleEntities" : [ ]
  }, {
    "sentence" : "How much did I spend on gas in October?",
    "exampleEntities" : [ ]
  }, {
    "sentence" : "What was my largest Best Buy transaction?",
    "exampleEntities" : [ ]
  }, {
    "sentence" : "How much did I spend on gas using my Visa cc last week?",
    "exampleEntities" : [ ]
  }, {
    "sentence" : "What was my largest hotel transaction in January 2017?",
    "exampleEntities" : [ ]
  }, {
    "sentence" : "How much did I spend on travel in March?",
    "exampleEntities" : [ ]
  }, {
    "sentence" : "How much did I spend last weekend?",
    "exampleEntities" : [ ]
  }, {
    "sentence" : "How much did I spend on groceries last week?",
    "exampleEntities" : [ ]
  }, {
    "sentence" : "What did I spend on food in London last month?",
    "exampleEntities" : [ ]
  }, {
    "sentence" : "How much did I spend on Uber? Last month?",
    "exampleEntities" : [ ]
  }, {
    "sentence" : "How much did I spend at Apple last year?",
    "exampleEntities" : [ ]
  }, {
    "sentence" : "How much have I spent on restaurants in 2016?",
    "exampleEntities" : [ ]
  }, {
    "sentence" : "How much did I spend on gas last month?",
    "exampleEntities" : [ ]
  }, {
    "sentence" : "How much did I spend on clothes in June?",
    "exampleEntities" : [ ]
  }, {
    "sentence" : "What was my most expensive restaurant expense?",
    "exampleEntities" : [ ]
  }, {
    "sentence" : "What was my largest concert ticket?",
    "exampleEntities" : [ ]
  }, {
    "sentence" : "How much have I spent at Philz Coffee?",
    "exampleEntities" : [ ]
  } ]
}